Department,Tab,Category,ID,Check Item
"시설","2층","1. 공조 및 환기설비","f1_1","2층 공조기(AHU) 가동 상태 및 비정상 소음/진동 확인"
"시설","2층","1. 공조 및 환기설비","f1_2","환기 닥트 및 흡배기 점검"
"시설","2층","1. 공조 및 환기설비","f1_3","실내 적정 온습도 유지 및 컨트롤 패널 점검"
"시설","2층","2. 소방 및 안전 시설","f1_4","2층 비상 유도등 상시 점등 및 배터리 점검"
"시설","2층","2. 소방 및 안전 시설","f1_5","소화기 비치 위치 확인 및 압력 게이지 정상 여부"
"시설","2층","2. 소방 및 안전 시설","f1_6","비상 탈출로 및 방화문 앞 물건 적치 여부 확인"
"시설","2층","2. 소방 및 안전 시설","f1_7","비상 호출벨 및 안내 방송 스피커 작동 점검"
"시설","2층","3. 로비 / 카운터 / 락카존","f1_8","신발장 및 락카 전자키/도어락 정상 작동 확인"
"시설","2층","3. 로비 / 카운터 / 락카존","f1_9","카운터 POS/키오스크 및 결제 단말기 작동 점검"
"시설","2층","3. 로비 / 카운터 / 락카존","f1_10","로비/출입구 자동문 및 에어커튼 작동 상태 확인"
"시설","2층","3. 로비 / 카운터 / 락카존","f1_11","CCTV 모니터링 화면 정상 출력 및 녹화 상태 점검"
"시설","2층","4. 탈의실 및 파우더룸","f1_12","헤어드라이기/선풍기 및 콘센트 과열/누전 점검"
"시설","2층","4. 탈의실 및 파우더룸","f1_13","탈의실 환풍기 가동 및 실내 냄새/습기 배출 상태"
"시설","2층","4. 탈의실 및 파우더룸","f1_14","바닥 발매트 건조 상태 및 낙상 위험 요인 확인"
"시설","2층","4. 탈의실 및 파우더룸","f1_15","음용 정수기 위생 상태 및 온수/냉수 정상 출수 점검"
"시설","2층","5. 공용부(승강기/계단/주차/외곽)","f1_16","승강기(엘리베이터) 운행 상태 및 비상통화 버튼 점검"
"시설","2층","5. 공용부(승강기/계단/주차/외곽)","f1_17","계단실 센서등/비상등 점등 및 난간 흔들림 점검"
"시설","2층","5. 공용부(승강기/계단/주차/외곽)","f1_18","주차장 조명, 차단기 및 소방 배관 동파/누수 확인"
"시설","2층","5. 공용부(승강기/계단/주차/외곽)","f1_19","옥상 출입문 통제/자동폐쇄 및 실외기 팬 점검"
"시설","지하","1. 보일러실","b1","가동 시 평소와 다른 기계 소음 및 심한 진동 확인"
"시설","지하","1. 보일러실","b2","보일러 온도계/압력계 바늘 정상 범위 점검"
"시설","지하","1. 보일러실","b3","가스 냄새 및 누설 경보기 전원 상태 확인"
"시설","지하","1. 보일러실","b4","연도(배기 굴뚝/통) 연결부 이탈 및 찌그러짐 점검"
"시설","지하","1. 보일러실","b5","보일러 내부 배기가스 실내 누출 여부 점검"
"시설","지하","1. 보일러실","b6","압력 안전밸브 주변 누수 여부 점검"
"시설","지하","1. 보일러실","b7","보일러 주변 인화성 물질 방치 여부 점검"
"시설","지하","1. 보일러실","b8","제어반(컨트롤러) 에러 코드 및 경고등 점검"
"시설","지하","1. 보일러실","b9","보일러실 내부 환풍기 정상 작동 확인"
"시설","지하","2. 폐수열 회수기","w1","장비 외관 및 배관 연결부 누수 여부 점검"
"시설","지하","2. 폐수열 회수기","w2","폐수 순환 펌프 과열 및 비정상 소음 점검"
"시설","지하","2. 폐수열 회수기","w3","폐수 및 예열수 간 정상 온도차 유지 점검"
"시설","지하","2. 폐수열 회수기","w4","장비 주변 배수로 막힘 및 악취 여부 점검"
"시설","지하","2. 폐수열 회수기","w5","역세척 밸브 수동/자동 정상 작동 확인"
"시설","지하","2. 폐수열 회수기","w6","기기 주변 배관 보온재 상태 점검"
"시설","지하","3. 온수탱크","t1","탱크 외부 보온재 훼손 여부 점검"
"시설","지하","3. 온수탱크","t2","스파용 온수 적정 온도 유지 상태 확인"
"시설","지하","3. 온수탱크","t3","드레인(배출) 밸브 주변 누수 여부 점검"
"시설","지하","3. 온수탱크","t4","배관 밸브 부식 및 미세 누수 점검"
"시설","지하","3. 온수탱크","t5","온수 순환 모터(펌프) 발열/소음 점검"
"시설","지하","3. 온수탱크","t6","온도조절기 설정값 연동 정상 작동 확인"
"시설","3층 찜질","1. 탕 수처리 및 여과설비","f3_1","탕수 순환 펌프 수압 및 가동 소음 점검"
"시설","3층 찜질","1. 탕 수처리 및 여과설비","f3_2","온탕/열탕/냉탕 수온계 정상 작동 및 온도 유지"
"시설","3층 찜질","2. 사우나 및 테마찜질방","f3_3","테마방(소금/황토/편백 등) 발열체 및 실내 온도 확인"
"시설","3층 찜질","2. 사우나 및 테마찜질방","f3_4","아이스방/냉찜질방 냉각 콤프레셔 및 성에 제거 점검"
"시설","3층 찜질","2. 사우나 및 테마찜질방","f3_5","사우나/테마방 도어 개폐 점검"
"시설","3층 찜질","3. 탕내 샤워설비 및 배수","f3_6","입식/좌식 샤워기 수압, 온수 혼합 밸브 및 누수 확인"
"시설","3층 찜질","3. 탕내 샤워설비 및 배수","f3_7","바닥 배수구 트랩 물빠짐 상태 및 머리카락 청소"
"시설","3층 찜질","3. 탕내 샤워설비 및 배수","f3_8","탕 바닥/계단 위험물 확인"
"시설","3층 찜질","3. 탕내 샤워설비 및 배수","f3_9","탕 내부 방수 상태 및 누전 차단기 점검"
"시설","여과/기타","1. 여과기 점검","tab4_f1","① 열탕여과기(여)"
"시설","여과/기타","1. 여과기 점검","tab4_f2","② 벤치Z 여과기(여)"
"시설","여과/기타","1. 여과기 점검","tab4_f3","③ 족탕 여과기"
"시설","여과/기타","1. 여과기 점검","tab4_f4","④ 온탕 여과기(남)"
"시설","여과/기타","1. 여과기 점검","tab4_f5","⑤ 냉탕 여과기(남)"
"시설","여과/기타","1. 여과기 점검","tab4_f6","⑥ 열탕 여과기(남)"
"시설","여과/기타","1. 여과기 점검","tab4_f7","⑦ 냉탕 여과기(여)"
"시설","여과/기타","1. 여과기 점검","tab4_f8","⑧ 온탕 여과기(여)"
"시설","여과/기타","1. 여과기 점검","tab4_f9","⑨ 벤치Z 여과기(남)"
"시설","여과/기타","2. 벤치Z 펌프 점검","tab4_p11","⑪ 샤워펌프(여)"
"시설","여과/기타","2. 벤치Z 펌프 점검","tab4_p12","⑫ 파도펌프(여)"
"시설","여과/기타","2. 벤치Z 펌프 점검","tab4_p13","⑬ 벤치Z 펌프3(여)"
"시설","여과/기타","2. 벤치Z 펌프 점검","tab4_p14","⑭ 벤치Z 펌프2(여)"
"시설","여과/기타","2. 벤치Z 펌프 점검","tab4_p15","⑮ 벤치Z 펌프1(여)"
"시설","여과/기타","2. 벤치Z 펌프 점검","tab4_p16","⑯ 벤치Z 펌프3(남)"
"시설","여과/기타","2. 벤치Z 펌프 점검","tab4_p17","⑰ 벤치Z 펌프2(남)"
"시설","여과/기타","2. 벤치Z 펌프 점검","tab4_p18","⑱ 벤치Z 펌프1(남)"
"시설","여과/기타","3. 기타설비 점검","tab4_g1","메인전기 판넬 점검"
"시설","여과/기타","3. 기타설비 점검","tab4_g2","사무실 방송장비 및 음향시스템 확인"
"시설","여과/기타","3. 기타설비 점검","tab4_g3","리셉션 PC , 보조전력장치 확인"
"시설","온도체크","2층 남탕 수온 및 사우나 온도","tab5_m1","2층 남탕 온탕"
"시설","온도체크","2층 남탕 수온 및 사우나 온도","tab5_m2","2층 남탕 열탕"
"시설","온도체크","2층 남탕 수온 및 사우나 온도","tab5_m3","2층 남탕 냉탕"
"시설","온도체크","2층 남탕 수온 및 사우나 온도","tab5_m4","2층 남탕 사우나"
"시설","온도체크","2층 여탕 수온 및 사우나 온도","tab5_w1","2층 여탕 온탕"
"시설","온도체크","2층 여탕 수온 및 사우나 온도","tab5_w2","2층 여탕 열탕"
"시설","온도체크","2층 여탕 수온 및 사우나 온도","tab5_w3","2층 여탕 냉탕"
"시설","온도체크","2층 여탕 수온 및 사우나 온도","tab5_w4","2층 여탕 건식"
"시설","온도체크","2층 여탕 수온 및 사우나 온도","tab5_w5","2층 여탕 습식"
"시설","온도체크","3층 찜질방 테마룸 온도","tab5_s1","3층 찜질방 불가마"
"시설","온도체크","3층 찜질방 테마룸 온도","tab5_s2","3층 찜질방 소금방"
"시설","온도체크","3층 찜질방 테마룸 온도","tab5_s3","3층 찜질방 맥반석"
"시설","온도체크","3층 찜질방 테마룸 온도","tab5_s4","3층 찜질방 아이스방"
"시설","온도체크","3층 찜질방 테마룸 온도","tab5_s5","3층 찜질방 편백방"
"리셉션","리셉션 오전","◆ 인수인계 및 오픈 준비","r_m_1","[심야조 인수인계] ★ 심야조 시제 확인 및 서명 후 인수"
"리셉션","리셉션 오전","◆ 인수인계 및 오픈 준비","r_m_2","[POS1·POS2 시작 시제] ★ 시작 시제 카운트 (전 교대 마감 잔액과 일치)"
"리셉션","리셉션 오전","◆ 인수인계 및 오픈 준비","r_m_3","[계좌입금 미확인 건] 심야 미처리 계좌입금 확인 및 처리"
"리셉션","리셉션 오전","◆ 인수인계 및 오픈 준비","r_m_4","[특이사항 인계 확인] 심야 인계 사항 파악 (VIP·클레임·유실물)"
"리셉션","리셉션 오전","◆ 인수인계 및 오픈 준비","r_m_5","[락커 키 재고] 남·여 락커 마스터키 및 여분키 인수"
"리셉션","리셉션 오전","◆ 인수인계 및 오픈 준비","r_m_6","[카운터 정돈] 카운터 상판·POS·키오스크 소독 및 정리"
"리셉션","리셉션 오전","◆ 인수인계 및 오픈 준비","r_m_7","[팜플렛·명함] 안내 자료 재고 확인 및 정위치 배치"
"리셉션","리셉션 오전","◆ 인수인계 및 오픈 준비","r_m_8","[대양 키오스크] 정상 작동 확인, 영수증 용지 재고 확인"
"리셉션","리셉션 오전","◆ 인수인계 및 오픈 준비","r_m_9","[카드 단말기] 정상 작동 확인, 단말기 통신 상태 점검"
"리셉션","리셉션 오전","◆ 인수인계 및 오픈 준비","r_m_10","[필수 파일 오픈] 리셉션_계좌입금·회원락커·회원리스트·구분소유자 시트 열기"
"리셉션","리셉션 오전","◆ 오전 사전 확인","r_m_11","[회원 만료 예정] ★ 당일·익일 만료 회원 확인 → 연장 안내 준비"
"리셉션","리셉션 오전","◆ 오전 사전 확인","r_m_12","[락커 만료 예정] ★ 당일·익일 락커 만료 확인 → 연장 안내 준비"
"리셉션","리셉션 오전","◆ 오전 사전 확인","r_m_13","[VIP 예약 확인] 당일 VIP 방문 예정 확인 및 응대 준비"
"리셉션","리셉션 오전","◆ 오전 사전 확인","r_m_14","[오전 브리핑] ★ 한연수 팀장 브리핑 참여 (전일 이슈·당일 특이사항)"
"리셉션","리셉션 오전","◆ 오전 사전 확인","r_m_15","[실장님 보고 서류] 실장님 보고 서류 준비 및 검토"
"리셉션","리셉션 오전","◆ 오전 사전 확인","r_m_16","[매니저 자료 확인] 매니저자료 폴더 신규 공지·업무 지시 확인"
"리셉션","리셉션 오전","◆ 오전 사전 확인","r_m_17","[카카오톡 공지 확인] 카카오톡 받은 파일 폴더 신규 파일 확인"
"리셉션","리셉션 오전","◆ 오전 상시 업무 (고객 응대)","r_m_18","[오전 고객 응대] 입장·연장·퇴장 처리, POS 결제 진행"
"리셉션","리셉션 오전","◆ 오전 상시 업무 (고객 응대)","r_m_19","[신규 회원 등록] 회원리스트에 신규 회원 등록 (연락처·품목·성별·만기일)"
"리셉션","리셉션 오전","◆ 오전 상시 업무 (고객 응대)","r_m_20","[회원 연장 처리] 회원 연장 시 결제 후 회원리스트 만기일 갱신"
"리셉션","리셉션 오전","◆ 오전 상시 업무 (고객 응대)","r_m_21","[락커 신규 배정] ★ 남·여 락커 배정 시 회원락커이용현황 즉시 기록"
"리셉션","리셉션 오전","◆ 오전 상시 업무 (고객 응대)","r_m_22","[락커 연장 처리] 락커 연장 시 시트 연장 이력 기록 (섹션·락커번호·개월수·기간)"
"리셉션","리셉션 오전","◆ 오전 상시 업무 (고객 응대)","r_m_23","[락커 종료 처리] 락커 종료 시 락커비움 또는 회원권종료 표시"
"리셉션","리셉션 오전","◆ 오전 상시 업무 (고객 응대)","r_m_24","[구분소유자 응대] ★ 등기부등본 확인 → 무료이용권 차감 → 시트 기록"
"리셉션","리셉션 오전","◆ 오전 상시 업무 (고객 응대)","r_m_25","[구분소유자 가족 이용] ★ 가족관계증명서 확인 시 무료이용권 차감 가능"
"리셉션","리셉션 오전","◆ 오전 상시 업무 (고객 응대)","r_m_26","[구분소유자 찜질복] 찜질복 3,000원 별도 결제 안내"
"리셉션","리셉션 오전","◆ 오전 상시 업무 (고객 응대)","r_m_27","[계좌입금 처리] ★ 계좌이체 확인 즉시 리셉션_계좌입금 시트 기록"
"리셉션","리셉션 오전","◆ 오전 상시 업무 (고객 응대)","r_m_28","[계좌입금 기록] 날짜·성함·금액·시간·비고 정확히 기록"
"리셉션","리셉션 오전","◆ 오전 상시 업무 (고객 응대)","r_m_29","[네이버쿠폰 판매] ★ 판매 시 쿠폰번호·수량·확인자 기록 (발권 오류 주의)"
"리셉션","리셉션 오전","◆ 오전 상시 업무 (고객 응대)","r_m_30","[다매권(리셉션) 판매] 리셉션 쿠폰 판매 시 시트 기록"
"리셉션","리셉션 오전","◆ 오전 상시 업무 (고객 응대)","r_m_31","[VIP 회원 응대] VIP 방문 시 특별 응대 → 실장님 보고"
"리셉션","리셉션 오전","◆ 오전 상시 업무 (고객 응대)","r_m_32","[유실물 접수] 유실물 접수 시 대장 기록 및 관리단 통보"
"리셉션","리셉션 오전","◆ 오전 상시 업무 (고객 응대)","r_m_33","[미화팀 협조 요청] 청결 상태 이상 발견 시 미화팀 즉시 통보"
"리셉션","리셉션 오전","◆ 오전 상시 업무 (고객 응대)","r_m_34","[시설 이상 발견] ★ 시설 이상 시 김덕환 주간 시설이사 즉시 통보"
"리셉션","리셉션 오전","◆ 오전 마감 (16:00 인계)","r_m_35","[POS1·POS2 시제 마감] ★ 시제 정확히 카운트 후 인계 준비"
"리셉션","리셉션 오전","◆ 오전 마감 (16:00 인계)","r_m_36","[현금 매출 기록] 리셉션_각종서류 오전란 매출 기록 및 서명"
"리셉션","리셉션 오전","◆ 오전 마감 (16:00 인계)","r_m_37","[계좌입금 최종 정리] 오전 계좌입금 전체 확인 및 합계 기록"
"리셉션","리셉션 오전","◆ 오전 마감 (16:00 인계)","r_m_38","[네이버쿠폰 정리] 오전 판매 내역 최종 확인 및 시트 마감"
"리셉션","리셉션 오전","◆ 오전 마감 (16:00 인계)","r_m_39","[특이사항 인계 준비] 오전 발생 이슈·유실물·클레임 인계 문서 작성"
"리셉션","리셉션 오전","◆ 오전 마감 (16:00 인계)","r_m_40","[오후조 인계] ★ 시제 카운트 → 오후조 서명 → 인수인계 완료"
"리셉션","리셉션 오후","◆ 인수인계 (16:00 시작)","r_a_1","[오전조 인수인계] ★ 오전조 시제 확인 및 서명 후 인수"
"리셉션","리셉션 오후","◆ 인수인계 (16:00 시작)","r_a_2","[POS1·POS2 시작 시제] ★ 시작 시제 카운트 (전 교대 마감 잔액과 일치)"
"리셉션","리셉션 오후","◆ 인수인계 (16:00 시작)","r_a_3","[계좌입금 미확인 건] 오전 미처리 계좌입금 확인"
"리셉션","리셉션 오후","◆ 인수인계 (16:00 시작)","r_a_4","[특이사항 인계 확인] 오전 인계 사항 파악 (VIP·클레임·유실물)"
"리셉션","리셉션 오후","◆ 인수인계 (16:00 시작)","r_a_5","[오후 회원 만료 예정] 저녁 방문 예정 만료 회원 확인 → 연장 안내 준비"
"리셉션","리셉션 오후","◆ 인수인계 (16:00 시작)","r_a_6","[필수 파일 상태] 리셉션_계좌입금·회원락커·회원리스트·구분소유자 시트 확인"
"리셉션","리셉션 오후","◆ 저녁 피크 대응 (17:00 ~ 22:00)","r_a_7","[저녁 피크 응대] 대량 방문 대응, 대기줄 관리"
"리셉션","리셉션 오후","◆ 저녁 피크 대응 (17:00 ~ 22:00)","r_a_8","[신규 회원 등록] 회원리스트 신규 회원 등록 및 관리"
"리셉션","리셉션 오후","◆ 저녁 피크 대응 (17:00 ~ 22:00)","r_a_9","[회원 연장 처리] 저녁 방문 회원 연장 결제 및 시트 갱신"
"리셉션","리셉션 오후","◆ 저녁 피크 대응 (17:00 ~ 22:00)","r_a_10","[락커 신규·연장·종료] ★ 회원락커이용현황 실시간 반영"
"리셉션","리셉션 오후","◆ 저녁 피크 대응 (17:00 ~ 22:00)","r_a_11","[구분소유자 응대] ★ 등기부등본 확인 → 무료이용권 차감 → 시트 기록"
"리셉션","리셉션 오후","◆ 저녁 피크 대응 (17:00 ~ 22:00)","r_a_12","[구분소유자 찜질복] 찜질복 3,000원 별도 결제 안내"
"리셉션","리셉션 오후","◆ 저녁 피크 대응 (17:00 ~ 22:00)","r_a_13","[계좌입금 처리] ★ 저녁 계좌이체 확인 즉시 리셉션_계좌입금 기록"
"리셉션","리셉션 오후","◆ 저녁 피크 대응 (17:00 ~ 22:00)","r_a_14","[네이버쿠폰·다매권] ★ 저녁 판매 시 쿠폰번호·수량·확인자 기록"
"리셉션","리셉션 오후","◆ 저녁 피크 대응 (17:00 ~ 22:00)","r_a_15","[VIP 회원 응대] VIP 저녁 방문 시 특별 응대 → 실장님 보고"
"리셉션","리셉션 오후","◆ 저녁 피크 대응 (17:00 ~ 22:00)","r_a_16","[유실물 접수] 저녁 유실물 접수 및 대장 기록"
"리셉션","리셉션 오후","◆ 저녁 피크 대응 (17:00 ~ 22:00)","r_a_17","[대양 키오스크] 정상 작동 확인, 영수증 용지 리필"
"리셉션","리셉션 오후","◆ 저녁 피크 대응 (17:00 ~ 22:00)","r_a_18","[카드 단말기] 카드 결제 정상 처리 여부 확인"
"리셉션","리셉션 오후","◆ 야간 응대 (22:00 ~ 24:00)","r_a_19","[야간 고객 응대] 야간 입장·연장·퇴장 처리"
"리셉션","리셉션 오후","◆ 야간 응대 (22:00 ~ 24:00)","r_a_20","[심야 이용 안내] 심야 사용 시설·규정 안내"
"리셉션","리셉션 오후","◆ 야간 응대 (22:00 ~ 24:00)","r_a_21","[야간 기관장 협조] 홍이기 야간 기관장과 시설 이슈 공유"
"리셉션","리셉션 오후","◆ 야간 응대 (22:00 ~ 24:00)","r_a_22","[시설 이상 발견] ★ 시설 이상 시 야간 기관장 즉시 통보"
"리셉션","리셉션 오후","◆ 야간 응대 (22:00 ~ 24:00)","r_a_23","[고객 안전 모니터링] ★ 야간 고객 안전 확인 (졸음·음주·응급상황)"
"리셉션","리셉션 오후","◆ 오후 마감 준비 (23:30 ~ 24:00)","r_a_24","[POS1·POS2 시제 카운트] ★ 시제 정확히 카운트 (2인 교차 확인)"
"리셉션","리셉션 오후","◆ 오후 마감 준비 (23:30 ~ 24:00)","r_a_25","[오후 매출 기록] 리셉션_각종서류 오후란 매출 기록 및 서명"
"리셉션","리셉션 오후","◆ 오후 마감 준비 (23:30 ~ 24:00)","r_a_26","[계좌입금 최종 정리] 오후 계좌입금 전체 확인 및 합계 기록"
"리셉션","리셉션 오후","◆ 오후 마감 준비 (23:30 ~ 24:00)","r_a_27","[네이버쿠폰 정리] 오후 판매 내역 최종 확인 및 시트 마감"
"리셉션","리셉션 오후","◆ 오후 마감 준비 (23:30 ~ 24:00)","r_a_28","[특이사항 인계 준비] 오후 발생 이슈·유실물·클레임 인계 문서 작성"
"리셉션","리셉션 오후","◆ 오후 마감 준비 (23:30 ~ 24:00)","r_a_29","[마감조 인계] ★ 시제 카운트 → 마감조 서명 → 인수인계 완료"
"리셉션","리셉션 마감","◆ 인수인계 (00:00 시작)","r_c_1","[오후조 인수인계] ★ 오후조 시제 최종 확인 및 서명 후 인수"
"리셉션","리셉션 마감","◆ 인수인계 (00:00 시작)","r_c_2","[POS1·POS2 시제] ★ 시작 시제 확인 (전 교대 마감 잔액과 일치)"
"리셉션","리셉션 마감","◆ 인수인계 (00:00 시작)","r_c_3","[계좌입금 미확인 건] 오후 미처리 계좌입금 확인 후 처리"
"리셉션","리셉션 마감","◆ 인수인계 (00:00 시작)","r_c_4","[특이사항 인계] 오후 인계 사항 확인 (VIP 응대·클레임·유실물 등)"
"리셉션","리셉션 마감","◆ 인수인계 (00:00 시작)","r_c_5","[락커 키 재고] 남·여 락커 마스터키 및 여분키 인수"
"리셉션","리셉션 마감","◆ 인수인계 (00:00 시작)","r_c_6","[카운터 물품] 영수증 용지, 카드 단말기, 도장, 필기구 상태 확인"
"리셉션","리셉션 마감","◆ 일일 매출 최종 마감 (핵심 업무)","r_c_7","[POS1·POS2 시제 카운트] ★ 시제 정확히 카운트 (2인 교차 확인)"
"리셉션","리셉션 마감","◆ 일일 매출 최종 마감 (핵심 업무)","r_c_8","[현금 매출 합계] ★ 오전·오후·마감조 현금 매출 총합 계산"
"리셉션","리셉션 마감","◆ 일일 매출 최종 마감 (핵심 업무)","r_c_9","[매출 시트 기록] 리셉션_각종서류에 당일 매출 총합 기록"
"리셉션","리셉션 마감","◆ 일일 매출 최종 마감 (핵심 업무)","r_c_10","[시제 검증] ★ 전일 잔액 + 당일 매출 = 마감 시제 (정확 일치)"
"리셉션","리셉션 마감","◆ 일일 매출 최종 마감 (핵심 업무)","r_c_11","[시제 오차 확인] 오차 발생 시 원인 파악, 실장님/회장님 즉시 보고"
"리셉션","리셉션 마감","◆ 일일 매출 최종 마감 (핵심 업무)","r_c_12","[실장님·회장님 전달] ★ 마감 현금 실장님/회장님께 전달 (인계 서명 필수)"
"리셉션","리셉션 마감","◆ 일일 매출 최종 마감 (핵심 업무)","r_c_13","[확인자 서명] 마감 확인자 서명 (본인 + 감독자)"
"리셉션","리셉션 마감","◆ 일일 매출 최종 마감 (핵심 업무)","r_c_14","[카드 매출 마감] 카드 단말기 마감 처리, 매출 전표 정리"
"리셉션","리셉션 마감","◆ 일일 매출 최종 마감 (핵심 업무)","r_c_15","[네이버쿠폰 정산] 당일 네이버쿠폰 판매 총합 확인"
"리셉션","리셉션 마감","◆ 일일 매출 최종 마감 (핵심 업무)","r_c_16","[계좌입금 총합] 당일 계좌입금 총합 확인 및 매출 합산"
"리셉션","리셉션 마감","◆ 심야 응대 및 관리","r_c_17","[심야 고객 응대] 입장·연장·퇴장 처리, POS 결제 진행"
"리셉션","리셉션 마감","◆ 심야 응대 및 관리","r_c_18","[심야 계좌입금 확인] ★ 계좌입금 즉시 확인 후 리셉션_계좌입금 시트 기록"
"리셉션","리셉션 마감","◆ 심야 응대 및 관리","r_c_19","[계좌입금 기록] 날짜·성함·금액·시간·비고 정확히 기록"
"리셉션","리셉션 마감","◆ 심야 응대 및 관리","r_c_20","[락커 배정] 회원·비회원 락커 배정 및 키 관리"
"리셉션","리셉션 마감","◆ 심야 응대 및 관리","r_c_21","[회원 락커 확인] ★ 회원 락커 이용 시 만료일 확인 (미리 연장 안내)"
"리셉션","리셉션 마감","◆ 심야 응대 및 관리","r_c_22","[구분소유자 응대] ★ 등기부등본/매매계약서 확인 → 무료이용권 차감 (연 7회)"
"리셉션","리셉션 마감","◆ 심야 응대 및 관리","r_c_23","[주차요금 처리] 주차요금 계좌입금 시 즉시 기록"
"리셉션","리셉션 마감","◆ 심야 응대 및 관리","r_c_24","[VIP 회원 응대] VIP 회원 방문 시 특별 응대 (실장님 보고 대상)"
"리셉션","리셉션 마감","◆ 심야 시설 순회 협조","r_c_25","[시설 이상 발견] ★ 이상 발견 시 야간 기관장(홍이기) 즉시 통보"
"리셉션","리셉션 마감","◆ 심야 시설 순회 협조","r_c_26","[미화 협조] 야간 기관장의 미화 순회 협조 요청 대응"
"리셉션","리셉션 마감","◆ 심야 시설 순회 협조","r_c_27","[고객 안전 모니터링] ★ 심야 고객 안전 확인 (졸음·음주·응급상황)"
"리셉션","리셉션 마감","◆ 심야 시설 순회 협조","r_c_28","[CCTV 모니터링] 카운터 CCTV 화면 상시 확인"
"리셉션","리셉션 마감","◆ 익일 준비 및 오전조 인계 (06:00 ~ 07:00)","r_c_29","[익일 시제 준비] ★ 익일 시작 시제 세팅 (POS1·POS2)"
"리셉션","리셉션 마감","◆ 익일 준비 및 오전조 인계 (06:00 ~ 07:00)","r_c_30","[계좌입금 최종 정리] 심야 계좌입금 총합 및 미처리 건 인계"
"리셉션","리셉션 마감","◆ 익일 준비 및 오전조 인계 (06:00 ~ 07:00)","r_c_31","[특이사항 인계 준비] 심야 발생 이슈·유실물·클레임 문서 작성"
"리셉션","리셉션 마감","◆ 익일 준비 및 오전조 인계 (06:00 ~ 07:00)","r_c_32","[카운터 정리] 카운터 상판·POS·키오스크 소독, 팜플렛 정리"
"리셉션","리셉션 마감","◆ 익일 준비 및 오전조 인계 (06:00 ~ 07:00)","r_c_33","[오전조 인계] ★ 시제 카운트 → 오전조 서명 → 인수인계 완료"
"리셉션","리셉션 마감","◆ 주간·월간 심화 (마감 시 병행)","r_c_34","[주간 매출 정산] 주간 매출 합계 정리 및 실장님 보고 (주 1회)"
"리셉션","리셉션 마감","◆ 주간·월간 심화 (마감 시 병행)","r_c_35","[월간 회원 만료 안내] 익월 만료 회원 사전 안내 문자 발송 (월 1회)"
"리셉션","리셉션 마감","◆ 주간·월간 심화 (마감 시 병행)","r_c_36","[월간 락커 만료 안내] 익월 락커 만료 회원 사전 안내 (월 1회)"
"리셉션","리셉션 마감","◆ 주간·월간 심화 (마감 시 병행)","r_c_37","[구분소유자 이용권 정산] 월간 사용 현황 정리 및 관리부 확인 (월 1회)"
"리셉션","리셉션 마감","◆ 주간·월간 심화 (마감 시 병행)","r_c_38","[리뷰 이벤트 관리] 리뷰당첨자명단 신규 당첨자 등록 및 쿠폰 발송 (월 1회)"
"리셉션","리셉션 마감","◆ 주간·월간 심화 (마감 시 병행)","r_c_39","[POS 기기 점검] POS·키오스크·카드단말기 정기 점검 (대양 이수호 010-6742-2248) (월 1회)"
"리셉션","리셉션 마감","◆ 주간·월간 심화 (마감 시 병행)","r_c_40","[회원 통계 보고] 월간 신규·연장·종료 통계 실장님 보고 (월 1회)"
"리셉션","리셉션 마감","◆ 주간·월간 심화 (마감 시 병행)","r_c_41","[현금 시제 실사] 월간 시제 실사 (매니저·실장님 입회) (월 1회)"
"미화","오픈 전","오픈 전 대청소 (08:00 ~ 10:00)","ct1_1","[여자 락커룸] 락커 개방 확인, 미회수 물품 관리단 인계"
"미화","오픈 전","오픈 전 대청소 (08:00 ~ 10:00)","ct1_2","[여자 락커룸] 바닥 머리카락 진공청소 후 물걸레 청소"
"미화","오픈 전","오픈 전 대청소 (08:00 ~ 10:00)","ct1_3","[여자 락커룸] 벤치·의자 소독제 도포 후 마감"
"미화","오픈 전","오픈 전 대청소 (08:00 ~ 10:00)","ct1_4","[여자 파우더룸] 거울 물때·손자국 제거 및 광택"
"미화","오픈 전","오픈 전 대청소 (08:00 ~ 10:00)","ct1_5","[여자 파우더룸] 드라이기등 위생 확인 및 고장여부"
"미화","오픈 전","오픈 전 대청소 (08:00 ~ 10:00)","ct1_6","[여자 파우더룸] 어메니티(면봉·화장품) 리필"
"미화","오픈 전","오픈 전 대청소 (08:00 ~ 10:00)","ct1_7","[여자 샤워장] 배수구 이물질 완전 확인"
"미화","오픈 전","오픈 전 대청소 (08:00 ~ 10:00)","ct1_8","[여자 샤워장] 거울 물때 제거 및 광택 마감"
"미화","오픈 전","오픈 전 대청소 (08:00 ~ 10:00)","ct1_10","[여자 세신실] 타일·의자 확인"
"미화","오픈 전","오픈 전 대청소 (08:00 ~ 10:00)","ct1_11","[2층 리셉션 홀] 바닥 깔판 청소, 대리석 화장대 확인"
"미화","오픈 전","오픈 전 대청소 (08:00 ~ 10:00)","ct1_12","[2층 리셉션 홀] 출입구 유리 손자국 제거 및 광택"
"미화","오전 순회","여자 사우나 및 취약구역 집중 (10:00 ~ 12:00)","ct2_2","[여자 건식 사우나] 목재 및 타일 이상유무"
"미화","오전 순회","여자 사우나 및 취약구역 집중 (10:00 ~ 12:00)","ct2_3","[여자 건식 사우나] 사우나 매트 교체"
"미화","오전 순회","여자 사우나 및 취약구역 집중 (10:00 ~ 12:00)","ct2_4","[여자 건식 사우나] 온도계·시계 정상 작동 확인"
"미화","오전 순회","여자 사우나 및 취약구역 집중 (10:00 ~ 12:00)","ct2_5","[여자 세신실 상부/천정] 곰팡이·결로·냉기 여부 사진 기록"
"미화","오전 순회","여자 사우나 및 취약구역 집중 (10:00 ~ 12:00)","ct2_7","[여자 습식 사우나·스팀실] 벽면·천장 물기 제거 (곰팡이 예방)"
"미화","오전 순회","여자 사우나 및 취약구역 집중 (10:00 ~ 12:00)","ct2_8","[여자 습식 사우나·스팀실] 배수구 청소 후 살균제 투입"
"미화","오전 순회","여자 사우나 및 취약구역 집중 (10:00 ~ 12:00)","ct2_9","[여자 습식 사우나·스팀실] 스팀 노즐 막힘 여부 확인"
"미화","오전 순회","여자 사우나 및 취약구역 집중 (10:00 ~ 12:00)","ct2_10","[여탕 사우나 덕트] 먼지 제거 및 통풍 상태 확인"
"미화","오전 순회","여자 사우나 및 취약구역 집중 (10:00 ~ 12:00)","ct2_12","[3층 라운지] 바닥 물걸레 청소"
"미화","오전 순회","여자 사우나 및 취약구역 집중 (10:00 ~ 12:00)","ct2_13","[3층 라운지] 조명·정수기·컵 정리 및 확인"
"미화","오후 순회","순환 청소 및 취약구역 재점검 (12:00 ~ 18:00)","ct3_1","[여자 화장실] 변기·세면대 소독, 휴지 리필 (2시간마다)"
"미화","오후 순회","순환 청소 및 취약구역 재점검 (12:00 ~ 18:00)","ct3_2","[3층 풋스파] 데크 냄새 확인 + 방수 상태 점검"
"미화","오후 순회","순환 청소 및 취약구역 재점검 (12:00 ~ 18:00)","ct3_3","[3층 풋스파] 물통 완전 배수 후 세척, 소독제 살균"
"미화","오후 순회","순환 청소 및 취약구역 재점검 (12:00 ~ 18:00)","ct3_5","[3층 라운지] 매트 사용 흔적 정리 및 교체"
"미화","오후 순회","순환 청소 및 취약구역 재점검 (12:00 ~ 18:00)","ct3_6","[3층 휘트니스룸] 운동기구 손잡이 소독, 거울 청소"
"미화","오후 순회","순환 청소 및 취약구역 재점검 (12:00 ~ 18:00)","ct3_7","[여자 파우더룸] 쓰레기통 비우기 및 주변정리"
"미화","오후 순회","순환 청소 및 취약구역 재점검 (12:00 ~ 18:00)","ct3_8","[3층 캠핑룸] 온도체크 및 빈백정리"
"미화","오후 순회","순환 청소 및 취약구역 재점검 (12:00 ~ 18:00)","ct3_11","[여자 락커룸] 바닥 물기 제거 및 정리"
"미화","오후 순회","순환 청소 및 취약구역 재점검 (12:00 ~ 18:00)","ct3_12","[여자 샤워장] 배수구 확인 및 청소"
"미화","오후 순회","순환 청소 및 취약구역 재점검 (12:00 ~ 18:00)","ct3_13","[2층 리셉션] 리셉션 주변 최종 정리"
"미화","심화 점검","주간·월간·분기 심화","ct4_1","[주 1회] 여자 건식 사우나 - 목재 특이사항 확인"
"미화","심화 점검","주간·월간·분기 심화","ct4_2","[주 1회] 여자 락커 내부 - 전체 락커 내부 점검"
"미화","심화 점검","주간·월간·분기 심화","ct4_3","[주 1회] 여자 세신실 - 곰팡이 취약 부위 살균 처리"
"미화","심화 점검","주간·월간·분기 심화","ct4_5","[주 1회] 3층 매트 및 베게정리"
"미화","심화 점검","주간·월간·분기 심화","ct4_7","[월 1회] 여탕 배관 확인 및 약품 투여"
"미화","심화 점검","주간·월간·분기 심화","ct4_8","[월 1회] 여자 사우나 방부목 - 곰팡이 재발 여부 종합 점검"
"미화","심화 점검","주간·월간·분기 심화","ct4_9","[월 1회] 세스코 방역 - 월 정기 방역 입회"
"푸드","푸드 오픈","◆ 개인 위생","f_o_1","★ 손 세척 → 위생복·위생모·마스크 착용 확인"
"푸드","푸드 오픈","◆ 개인 위생","f_o_2","손톱 상태, 반지·시계 제거 확인"
"푸드","푸드 오픈","◆ 개인 위생","f_o_3","보건증 유효기간 확인 (반기 1회)"
"푸드","푸드 오픈","◆ 냉장·냉동 및 식재료","f_o_4","★ 냉장고 온도 5℃ 이하 유지 확인 및 기록"
"푸드","푸드 오픈","◆ 냉장·냉동 및 식재료","f_o_5","★ 냉동고 온도 -18℃ 이하 유지 확인 및 기록"
"푸드","푸드 오픈","◆ 냉장·냉동 및 식재료","f_o_6","개봉·미개봉 유통기한 라벨 전수 확인"
"푸드","푸드 오픈","◆ 냉장·냉동 및 식재료","f_o_7","색·냄새·이물 여부 확인 (변질 즉시 폐기)"
"푸드","푸드 오픈","◆ 냉장·냉동 및 식재료","f_o_8","재고 확인, 선입선출(FIFO) 준수 (5단 3개+6단 1개)"
"푸드","푸드 오픈","◆ 주방 준비","f_o_9","상판·도마·칼 소독 (락스 200ppm 또는 열탕)"
"푸드","푸드 오픈","◆ 주방 준비","f_o_10","냄비·팬·주걱 세척 상태 및 정리"
"푸드","푸드 오픈","◆ 주방 준비","f_o_11","육류·야채·조리완료 도마 색깔별 준비"
"푸드","푸드 오픈","◆ 주방 준비","f_o_12","★ 가스 밸브 개방 상태, 누출 여부 확인"
"푸드","푸드 오픈","◆ 주방 준비","f_o_13","소독기 정상 작동 확인, 재고 확인"
"푸드","푸드 오픈","◆ 주방 준비","f_o_14","★ 뜨거운 음식 60℃ 이상 유지 세팅"
"푸드","푸드 오픈","◆ 주방 준비","f_o_15","★ 찬 음식 5℃ 이하 유지 세팅"
"푸드","푸드 오픈","◆ 주방 준비","f_o_16","세척기 온도 확인 (헹굼 82℃ 이상)"
"푸드","푸드 오픈","◆ 홀 준비","f_o_17","테이블·의자 소독제 도포 후 닦기"
"푸드","푸드 오픈","◆ 홀 준비","f_o_18","바닥 물걸레 청소, 미끄럼 여부 확인"
"푸드","푸드 오픈","◆ 홀 준비","f_o_19","정상 작동 확인 (에너지 CHECK LIST 참조)"
"푸드","푸드 오픈","◆ 홀 준비","f_o_20","알레르기 유발 성분 22종 표시 확인"
"푸드","푸드 오픈","◆ 오픈 전 최종 점검","f_o_21","조리 전 손 재세척 및 위생 확인"
"푸드","푸드 오픈","◆ 오픈 전 최종 점검","f_o_22","청결한 행주 배치 (교차 오염 방지)"
"푸드","푸드 오픈","◆ 오픈 전 최종 점검","f_o_23","빈 잔반통 배치, 살균 상태 확인"
"푸드","푸드 오픈","◆ 오픈 전 최종 점검","f_o_24","매니저 최종 확인 후 서명"
"푸드","푸드 마감","◆ 잔반 및 쓰레기 처리","f_c_1","잔반통 완전 비우기, 살균 세척"
"푸드","푸드 마감","◆ 잔반 및 쓰레기 처리","f_c_2","음식물·일반·재활용 분리 후 배출"
"푸드","푸드 마감","◆ 잔반 및 쓰레기 처리","f_c_3","폐유 지정 통에 수거"
"푸드","푸드 마감","◆ 조리기구 및 주방 마감","f_c_4","도마·칼·냄비·주걱 세척 후 소독기 투입"
"푸드","푸드 마감","◆ 조리기구 및 주방 마감","f_c_5","상판 세척 후 소독제 도포"
"푸드","푸드 마감","◆ 조리기구 및 주방 마감","f_c_6","잔여 오염 제거, 기름때 세척"
"푸드","푸드 마감","◆ 조리기구 및 주방 마감","f_c_7","후드 필터 표면 기름때 제거"
"푸드","푸드 마감","◆ 조리기구 및 주방 마감","f_c_8","바닥 대청소, 미끄럼 방지 처리"
"푸드","푸드 마감","◆ 조리기구 및 주방 마감","f_c_9","★ 배수구 이물질 제거 및 살균제 투입"
"푸드","푸드 마감","◆ 조리기구 및 주방 마감","f_c_10","사용한 행주·수세미 살균 세척 후 건조"
"푸드","푸드 마감","◆ 냉장·냉동 및 식재료 마감","f_c_11","★ 냉장고 마감 온도 확인 및 기록 (일 3회차)"
"푸드","푸드 마감","◆ 냉장·냉동 및 식재료 마감","f_c_12","★ 냉동고 마감 온도 확인 및 기록"
"푸드","푸드 마감","◆ 냉장·냉동 및 식재료 마감","f_c_13","밀봉 후 유통기한 라벨 재확인"
"푸드","푸드 마감","◆ 냉장·냉동 및 식재료 마감","f_c_14","익일 서비스용 재고 확인, 부족 시 발주"
"푸드","푸드 마감","◆ 냉장·냉동 및 식재료 마감","f_c_15","창고 정리 정돈, 선입선출 확인 (5단 3개 + 6단 1개)"
"푸드","푸드 마감","◆ 홀 마감","f_c_16","테이블·의자 소독 후 정리"
"푸드","푸드 마감","◆ 홀 마감","f_c_17","바닥 대청소 및 왁싱"
"푸드","푸드 마감","◆ 홀 마감","f_c_18","수저·젓가락 소독기 투입, 재고 확인"
"푸드","푸드 마감","◆ 홀 마감","f_c_19","정위치 배치 확인 (알레르기·메뉴판)"
"푸드","푸드 마감","◆ 안전 및 에너지 절약","f_c_20","★ 가스 밸브 완전 잠금 확인 (2인 교차 확인)"
"푸드","푸드 마감","◆ 안전 및 에너지 절약","f_c_21","주방 가스·튀김기·밥보온고·밥솥·주방 등 OFF"
"푸드","푸드 마감","◆ 안전 및 에너지 절약","f_c_22","홀 천정 등 1/2 소등, 음악 OFF"
"푸드","푸드 마감","◆ 안전 및 에너지 절약","f_c_23","커틀러리 보온기 전기 OFF"
"푸드","푸드 마감","◆ 안전 및 에너지 절약","f_c_24","주방 세척기 전기 OFF"
"푸드","푸드 마감","◆ 안전 및 에너지 절약","f_c_25","창고 문 잠김 확인"
"푸드","푸드 마감","◆ 안전 및 에너지 절약","f_c_26","창고 문·퇴식구 외풍 막기"
"푸드","푸드 마감","◆ 안전 및 에너지 절약","f_c_27","냉난방기 에너지 CHECK LIST 준수하여 OFF"
"푸드","푸드 마감","◆ 주간·월간 심화","f_c_28","완전 비우고 내부 세척 및 소독 (냉장고 주 1회)"
"푸드","푸드 마감","◆ 주간·월간 심화","f_c_29","유통기한 임박 식재료 우선 사용 조치 (창고 주 1회)"
"푸드","푸드 마감","◆ 주간·월간 심화","f_c_30","후드 필터 완전 분리 세척 및 그리스 제거 (주 1회)"
"푸드","푸드 마감","◆ 주간·월간 심화","f_c_31","필터 세척, 조명 등 청소 (조명·냉난방기 주 1회)"
"푸드","푸드 마감","◆ 주간·월간 심화","f_c_32","★ 정기 방역 입회 및 서명 (월 1회, 권동엽 010-5505-2862)"
"푸드","푸드 마감","◆ 주간·월간 심화","f_c_33","세척기 내부 대청소, 잔여물 제거 (식기 소독기 월 1회)"
"푸드","푸드 마감","◆ 주간·월간 심화","f_c_34","팀 위생교육 실시 및 서명 (월 1회)"
"푸드","푸드 마감","◆ 주간·월간 심화","f_c_35","주방 배수관 유지방분해제 투입 (분기 1회)"
"푸드","푸드 마감","◆ 주간·월간 심화","f_c_36","전 직원 보건증 갱신 확인 (반기 1회)"
"스낵","스낵 오픈","◆ 개인 위생","s_o_1","★ 손 세척, 위생복·위생모·마스크 착용"
"스낵","스낵 오픈","◆ 개인 위생","s_o_2","손톱·반지·시계 확인"
"스낵","스낵 오픈","◆ 개인 위생","s_o_3","보건증 유효기간 확인 (반기 1회)"
"스낵","스낵 오픈","◆ 냉장·냉동 및 식재료","s_o_4","★ 냉장고 온도 5℃ 이하 확인 및 기록"
"스낵","스낵 오픈","◆ 냉장·냉동 및 식재료","s_o_5","★ 냉동고 온도 -18℃ 이하 확인 및 기록"
"스낵","스낵 오픈","◆ 냉장·냉동 및 식재료","s_o_6","라면·튀김·음료 유통기한 라벨 확인"
"스낵","스낵 오픈","◆ 냉장·냉동 및 식재료","s_o_7","창고 재고 확인, 선입선출(FIFO) 준수 (5단 3개)"
"스낵","스낵 오픈","◆ 조리 기기 점검","s_o_8","한강라면 기계 (4대) 모두 정상 작동 확인, 물통 세척 및 급수"
"스낵","스낵 오픈","◆ 조리 기기 점검","s_o_9","★ 튀김유 상태 확인 (갈색·이물질 시 교체)"
"스낵","스낵 오픈","◆ 조리 기기 점검","s_o_10","튀김유 온도 확인 (170~180℃)"
"스낵","스낵 오픈","◆ 조리 기기 점검","s_o_11","밥솥·밥보온고 정상 작동 확인, 밥 예약 세팅"
"스낵","스낵 오픈","◆ 조리 기기 점검","s_o_12","커틀러리 전기보온기 정상 작동 확인, 수저·젓가락 재고 확인"
"스낵","스낵 오픈","◆ 조리 기기 점검","s_o_13","정수기 물통·필터 확인, 세척 상태 점검"
"스낵","스낵 오픈","◆ 조리 기기 점검","s_o_14","커피머신 물통·원두·필터 확인"
"스낵","스낵 오픈","◆ POS·홀 기기","s_o_15","POS·키오스크·노트북 정상 작동 확인, 화면 소독"
"스낵","스낵 오픈","◆ POS·홀 기기","s_o_16","홀 TV·조명 정상 작동 확인"
"스낵","스낵 오픈","◆ POS·홀 기기","s_o_17","홀 음악 정상 재생 확인"
"스낵","스낵 오픈","◆ POS·홀 기기","s_o_18","냉장고 조명 정상 작동 확인"
"스낵","스낵 오픈","◆ 스낵 홀 준비","s_o_19","테이블·의자 소독, 바닥 청소"
"스낵","스낵 오픈","◆ 스낵 홀 준비","s_o_20","미끄럼 여부 확인"
"스낵","스낵 오픈","◆ 스낵 홀 준비","s_o_21","써큘레이터 정상 작동 확인"
"스낵","스낵 오픈","◆ 스낵 홀 준비","s_o_22","알레르기 유발 성분 22종 표시 확인"
"스낵","스낵 오픈","◆ 스낵 홀 준비","s_o_23","빈 잔반통 배치, 살균 상태 확인"
"스낵","스낵 오픈","◆ 스낵 홀 준비","s_o_24","매니저 최종 확인 후 서명"
"스낵","스낵 마감","◆ 잔반 및 쓰레기 처리","s_c_1","잔반통 완전 비우기, 살균 세척"
"스낵","스낵 마감","◆ 잔반 및 쓰레기 처리","s_c_2","음식물·일반·재활용 분리 후 배출"
"스낵","스낵 마감","◆ 잔반 및 쓰레기 처리","s_c_3","튀김 폐유 지정 통에 수거"
"스낵","스낵 마감","◆ 조리 기기 마감","s_c_4","★ 한강라면 기계 4대 중 2대 OFF (에너지 절약, 주중 2대만 유지)"
"스낵","스낵 마감","◆ 조리 기기 마감","s_c_5","튀김기 완전 OFF, 잔유 정리, 필터 세척"
"스낵","스낵 마감","◆ 조리 기기 마감","s_c_6","밥솥·밥보온고 완전 OFF, 잔여 밥 처리"
"스낵","스낵 마감","◆ 조리 기기 마감","s_c_7","조리도구·컵·수저 세척 후 소독기 투입"
"스낵","스낵 마감","◆ 조리 기기 마감","s_c_8","커틀러리 전기보온기 전기 OFF"
"스낵","스낵 마감","◆ 조리 기기 마감","s_c_9","커피머신 전기 OFF, 물통 비우기"
"스낵","스낵 마감","◆ 조리 기기 마감","s_c_10","정수기 전기 OFF"
"스낵","스낵 마감","◆ 조리 기기 마감","s_c_11","주방 세척기 전기 OFF"
"스낵","스낵 마감","◆ 냉장·냉동 및 식재료 마감","s_c_12","★ 냉장고 마감 온도 확인 및 기록 (일 3회차)"
"스낵","스낵 마감","◆ 냉장·냉동 및 식재료 마감","s_c_13","★ 냉동고 마감 온도 확인 및 기록"
"스낵","스낵 마감","◆ 냉장·냉동 및 식재료 마감","s_c_14","밀봉 후 유통기한 라벨 재확인"
"스낵","스낵 마감","◆ 냉장·냉동 및 식재료 마감","s_c_15","익일 서비스용 재고 확인, 부족 시 발주"
"스낵","스낵 마감","◆ 냉장·냉동 및 식재료 마감","s_c_16","창고 정리 정돈, 선입선출 확인 (5단 3개)"
"스낵","스낵 마감","◆ 주방 마감 청소","s_c_17","조리대 상판 세척 후 소독제 도포"
"스낵","스낵 마감","◆ 주방 마감 청소","s_c_18","튀김기 주변 기름때 완전 제거"
"스낵","스낵 마감","◆ 주방 마감 청소","s_c_19","후드 필터 표면 기름때 제거"
"스낵","스낵 마감","◆ 주방 마감 청소","s_c_20","바닥 대청소, 미끄럼 방지 처리"
"스낵","스낵 마감","◆ 주방 마감 청소","s_c_21","★ 배수구 이물질 제거 및 살균제 투입"
"스낵","스낵 마감","◆ 주방 마감 청소","s_c_22","사용한 행주·수세미 살균 세척 후 건조"
"스낵","스낵 마감","◆ 홀 마감","s_c_23","테이블·의자 소독 후 정리"
"스낵","스낵 마감","◆ 홀 마감","s_c_24","바닥 대청소 및 왁싱"
"스낵","스낵 마감","◆ 홀 마감","s_c_25","수저·젓가락 소독기 투입, 재고 확인"
"스낵","스낵 마감","◆ 홀 마감","s_c_26","정위치 배치 확인 (알레르기·메뉴판)"
"스낵","스낵 마감","◆ 안전 및 에너지 절약","s_c_27","★ 가스 밸브 완전 잠금 확인 (2인 교차 확인)"
"스낵","스낵 마감","◆ 안전 및 에너지 절약","s_c_28","스낵 음악 전원 OFF"
"스낵","스낵 마감","◆ 안전 및 에너지 절약","s_c_29","스낵 홀 조명·TV·냉장고 조명 OFF"
"스낵","스낵 마감","◆ 안전 및 에너지 절약","s_c_30","POS·키오스크·노트북 전원 OFF"
"스낵","스낵 마감","◆ 안전 및 에너지 절약","s_c_31","복도·오락실·키즈방 조명 1개 OFF (에너지 CHECK LIST)"
"스낵","스낵 마감","◆ 안전 및 에너지 절약","s_c_32","써큘레이터 전원 OFF (창고 1대 제외)"
"스낵","스낵 마감","◆ 안전 및 에너지 절약","s_c_33","창고 문 잠김 확인"
"스낵","스낵 마감","◆ 안전 및 에너지 절약","s_c_34","냉난방기 에너지 CHECK LIST 준수하여 OFF"
"스낵","스낵 마감","◆ 주간·월간 심화","s_c_35","한강라면 기계 4대 완전 분해 세척 및 소독 (주 1회)"
"스낵","스낵 마감","◆ 주간·월간 심화","s_c_36","★ 완전 배유 후 튀김기 내부 세척 (주 1회)"
"스낵","스낵 마감","◆ 주간·월간 심화","s_c_37","완전 비우고 내부 세척 및 소독 (냉장고 주 1회)"
"스낵","스낵 마감","◆ 주간·월간 심화","s_c_38","유통기한 임박 재료 우선 사용 조치 (창고 주 1회)"
"스낵","스낵 마감","◆ 주간·월간 심화","s_c_39","내부 세척 및 필터 교체 (커피머신·정수기 주 1회)"
"스낵","스낵 마감","◆ 주간·월간 심화","s_c_40","후드 필터 세척 및 그리스 제거 (주 1회)"
"스낵","스낵 마감","◆ 주간·월간 심화","s_c_41","★ 정기 방역 입회 및 서명 (월 1회, 권동엽 010-5505-2862)"
"스낵","스낵 마감","◆ 주간·월간 심화","s_c_42","튀김유 전량 교체 및 폐유 처리 (월 1회)"
"스낵","스낵 마감","◆ 주간·월간 심화","s_c_43","팀 위생교육 실시 및 서명 (월 1회)"
"스낵","스낵 마감","◆ 주간·월간 심화","s_c_44","주방 배수관 유지방분해제 투입 (분기 1회)"
"스낵","스낵 마감","◆ 주간·월간 심화","s_c_45","전 직원 보건증 갱신 확인 (반기 1회)"
"미화","오픈 전","오픈 전 대청소 (08:00 ~ 10:00)","cm1_1","[남자 락커룸] 락커 개방 확인, 미회수 물품 관리단 인계"
"미화","오픈 전","오픈 전 대청소 (08:00 ~ 10:00)","cm1_2","[남자 락커룸] 바닥 머리카락 진공청소 후 물걸레 청소"
"미화","오픈 전","오픈 전 대청소 (08:00 ~ 10:00)","cm1_3","[남자 락커룸] 벤치·의자 청결상태 확인"
"미화","오픈 전","오픈 전 대청소 (08:00 ~ 10:00)","cm1_4","[남자 파우더룸] 거울 물때·손자국 제거 및 광택"
"미화","오픈 전","오픈 전 대청소 (08:00 ~ 10:00)","cm1_5","[남자 파우더룸] 드라이기 확인 및 소독"
"미화","오픈 전","오픈 전 대청소 (08:00 ~ 10:00)","cm1_6","[남자 파우더룸] 어메니티(면봉·화장품) 리필"
"미화","오픈 전","오픈 전 대청소 (08:00 ~ 10:00)","cm1_7","[남자 샤워장] 배수구 이물질(머리카락) 완전 제거"
"미화","오픈 전","오픈 전 대청소 (08:00 ~ 10:00)","cm1_8","[남자 샤워장] 수전·거울 물때 제거 및 광택 마감"
"미화","오픈 전","오픈 전 대청소 (08:00 ~ 10:00)","cm1_9","[남자 샤워장] 샴푸·바디워시 잔량 확인 및 리필"
"미화","오픈 전","오픈 전 대청소 (08:00 ~ 10:00)","cm1_10","[남자 세신실] 타일·의자·물통 소독"
"미화","오전 순회","남자 사우나 및 공용 (10:00 ~ 12:00)","cm2_2","[남자 건식 사우나] 목재 벤치 이상유무 확인"
"미화","오전 순회","남자 사우나 및 공용 (10:00 ~ 12:00)","cm2_3","[남자 건식 사우나] 사우나 바닥 매트 1회 교체"
"미화","오전 순회","남자 사우나 및 공용 (10:00 ~ 12:00)","cm2_4","[남자 건식 사우나] 온도계·타이머 정상 작동 확인"
"미화","오전 순회","남자 사우나 및 공용 (10:00 ~ 12:00)","cm2_5","[남자 습식 사우나] 벽면·천장 물기 제거 (곰팡이 예방)"
"미화","오전 순회","남자 사우나 및 공용 (10:00 ~ 12:00)","cm2_6","[남자 습식 사우나] 배수구 청소 후 살균제 투입"
"미화","오전 순회","남자 사우나 및 공용 (10:00 ~ 12:00)","cm2_7","[남자 습식 사우나] 스팀 노즐 막힘 여부 확인"
"미화","오전 순회","남자 사우나 및 공용 (10:00 ~ 12:00)","cm2_8","[남탕 사우나 내부] 누수 흔적 확인, 발생 시 시설팀 즉시 통보"
"미화","오전 순회","남자 사우나 및 공용 (10:00 ~ 12:00)","cm2_9","[남탕 복도 벽체] 곰팡이 발생 여부 확인 (누수 파생)"
"미화","오전 순회","남자 사우나 및 공용 (10:00 ~ 12:00)","cm2_10","[3층 찜질방 (남녀 공용)] 불가마 멍석 정돈, 바닥 청소, 온도 확인"
"미화","오전 순회","남자 사우나 및 공용 (10:00 ~ 12:00)","cm2_11","[3층 찜질방 (남녀 공용)] 소금방·아이스방·맥반석방·편백방 매트 정리"
"미화","오전 순회","남자 사우나 및 공용 (10:00 ~ 12:00)","cm2_12","[3층 게르마늄방] 온도 확인 (목표 39℃), 미달 시 시설팀 통보"
"미화","오후 순회","순환 청소 (12:00 ~ 18:00)","cm3_1","[남자 화장실] 변기·세면대 소독, 휴지 리필 (2시간마다)"
"미화","오후 순회","순환 청소 (12:00 ~ 18:00)","cm3_2","[남자 샤워장] 배수구 재점검 및 이물질 제거 (매일 2회)"
"미화","오후 순회","순환 청소 (12:00 ~ 18:00)","cm3_3","[3층 게르마늄방] ★ 온도 재확인 (영업 중)"
"미화","오후 순회","순환 청소 (12:00 ~ 18:00)","cm3_4","[3층 찜질방 (남녀 공용)] 매트 사용 흔적 정리 및 교체"
"미화","오후 순회","순환 청소 (12:00 ~ 18:00)","cm3_5","[3층 핀란드사우나] 목재·벤치 소독, 스팀기 청소"
"미화","오후 순회","순환 청소 (12:00 ~ 18:00)","cm3_6","[남자 파우더룸] 어메니티 재리필, 쓰레기통 비우기"
"미화","오후 순회","순환 청소 (12:00 ~ 18:00)","cm3_7","[남자 사우나 매트] 매트 2차 교체 및 정리"
"미화","오후 순회","순환 청소 (12:00 ~ 18:00)","cm3_8","[남자 화장실] 변기·세면대 소독, 휴지 리필 (2시간마다)"
"미화","오후 순회","순환 청소 (12:00 ~ 18:00)","cm3_9","[남자 락커룸] 바닥 물기 제거 및 정리"
"미화","오후 순회","순환 청소 (12:00 ~ 18:00)","cm3_10","[남자 샤워장] 배수구 3차 청소"
"미화","심화 점검","주간·월간·분기 심화 (남자 구역)","cm4_1","[주 1회] 남자 건식 사우나 - 내부확인"
"미화","심화 점검","주간·월간·분기 심화 (남자 구역)","cm4_2","[주 1회] 남자 락커 내부 확인"
"미화","심화 점검","주간·월간·분기 심화 (남자 구역)","cm4_3","[주 1회] 남자 사우나 조명 - 조명 커버 분리 청소, 환기구 그릴 청소"
"미화","심화 점검","주간·월간·분기 심화 (남자 구역)","cm4_4","[월 1회] 남자 탕 - 완전 배수 후 대청소, 배관 유지방분해제 투입"
"미화","심화 점검","주간·월간·분기 심화 (남자 구역)","cm4_5","[월 1회] 남자 사우나 - 곰팡이 재발 여부 종합 점검"
"미화","심화 점검","주간·월간·분기 심화 (남자 구역)","cm4_6","[월 1회] 세스코 방역 - 월 정기 방역 입회 및 서명"
"미화","저녁 순회","저녁 순회 (18:00 ~ 23:00)","cn1_1","[남자 락커룸] 바닥 머리카락·물기 제거"
"미화","저녁 순회","저녁 순회 (18:00 ~ 23:00)","cn1_2","[남자 파우더룸] 거울·세면대·바닥 청소"
"미화","저녁 순회","저녁 순회 (18:00 ~ 23:00)","cn1_3","[남자 파우더룸] 어메니티(면봉·화장품) 리필"
"미화","저녁 순회","저녁 순회 (18:00 ~ 23:00)","cn1_4","[남자 샤워장] 배수구 이물질 제거 (2시간마다)"
"미화","저녁 순회","저녁 순회 (18:00 ~ 23:00)","cn1_5","[남자 세신실] 타일·의자 소독"
"미화","저녁 순회","저녁 순회 (18:00 ~ 23:00)","cn1_6","[남자 건식 사우나] 매트 정리, 온도 확인"
"미화","저녁 순회","저녁 순회 (18:00 ~ 23:00)","cn1_7","[남자 화장실] 변기·세면대 소독, 휴지 리필"
"미화","저녁 순회","저녁 순회 (18:00 ~ 23:00)","cn1_8","[남자 습식 사우나] 벽면 물기 제거, 배수구 확인"
"미화","저녁 순회","저녁 순회 (18:00 ~ 23:00)","cn1_9","[남자 사우나 매트] 저녁 매트 교체 (하루 3회차)"
"미화","저녁 순회","저녁 순회 (18:00 ~ 23:00)","cn1_10","[남자 샤워장] 배수구 재점검 (야간 2회차)"
"미화","저녁 순회","저녁 순회 (18:00 ~ 23:00)","cn1_11","[남자 파우더룸] 어메니티 재리필, 쓰레기통 비우기"
"미화","저녁 순회","저녁 순회 (18:00 ~ 23:00)","cn1_12","[남자 락커룸] 바닥 최종 정리, 물기 제거"
"미화","저녁 순회","저녁 순회 (18:00 ~ 23:00)","cn1_13","[남탕 복도 벽체] 곰팡이 발생 여부 확인 (누수 파생)"
"미화","심야 순회","심야 순회 (23:00 ~ 06:00)","cn2_1","[3층 라운지] 전체 바닥 청소, 매트 정리"
"미화","심야 순회","심야 순회 (23:00 ~ 06:00)","cn2_2","[3층 라운지] 소파·매트 사용 흔적 있는 자리 교체"
"미화","심야 순회","심야 순회 (23:00 ~ 06:00)","cn2_3","[3층 정수기·냉장고] 표면 소독, 물통 확인"
"미화","심야 순회","심야 순회 (23:00 ~ 06:00)","cn2_4","[3층 찜질방 순회] 불가마·소금방·아이스방·맥반석방 매트 정리 및 온도 확인"
"미화","심야 순회","심야 순회 (23:00 ~ 06:00)","cn2_5","[3층 게르마늄방] ★ 심야 온도 확인 및 기록 (목표 39℃)"
"미화","심야 순회","심야 순회 (23:00 ~ 06:00)","cn2_6","[3층 편백방] 매트 교체, 편백 상태 확인"
"미화","심야 순회","심야 순회 (23:00 ~ 06:00)","cn2_7","[3층 공용 화장실] 변기·세면대 소독, 휴지 리필"
"미화","심야 순회","심야 순회 (23:00 ~ 06:00)","cn2_8","[3층 풋스파] ★ 데크 하부 냄새 확인, 배수 정상 여부 점검"
"미화","심야 순회","심야 순회 (23:00 ~ 06:00)","cn2_9","[3층 라운지·복도] 심야 바닥 대청소 및 왁싱"
"미화","심야 순회","심야 순회 (23:00 ~ 06:00)","cn2_10","[3층 라운지] 쓰레기통 비우기, 분리수거 후 봉투 교체"
"미화","심야 순회","심야 순회 (23:00 ~ 06:00)","cn2_11","[3층 핀란드사우나] 목재·벤치 소독, 완전 건조 위해 문 개방"
"미화","심야 순회","심야 순회 (23:00 ~ 06:00)","cn2_12","[3층 소파·매트] 매트 최종 소독 및 정리"
"미화","심야 순회","심야 순회 (23:00 ~ 06:00)","cn2_13","[3층 라운지] 정수기 물통 교체 및 컵 리필"
"미화","심야 순회","심야 순회 (23:00 ~ 06:00)","cn2_14","[특이사항 인계] 야간 발생 이슈 → 주간 인계 일지 작성"
"미화","마감 대청소","마감 후 심야 대청소 (22:00 이후 통합)","cn3_1","[남자 락커 유실물] 미회수 물품 최종 확인 후 인계"
"미화","마감 대청소","마감 후 심야 대청소 (22:00 이후 통합)","cn3_2","[남자 사우나 ] 내부 이상 유무"
"미화","마감 대청소","마감 후 심야 대청소 (22:00 이후 통합)","cn3_3","[남자 탕 배수] 탕 부유물 최종 제거 및 배수"
"미화","마감 대청소","마감 후 심야 대청소 (22:00 이후 통합)","cn3_4","[2층~3층 계단실] 계단 청소"
"미화","마감 대청소","마감 후 심야 대청소 (22:00 이후 통합)","cn3_5","[엘리베이터 홀] 바닥·거울·버튼 청소"
"미화","마감 대청소","마감 후 심야 대청소 (22:00 이후 통합)","cn3_7","[냉난방 상태 확인] 정리 및 청결상태 확인"
"미화","마감 대청소","마감 후 심야 대청소 (22:00 이후 통합)","cn3_8","[청소도구 정리] 지정 위치 보관, 도구 세척"
